{"capture_base":"E7wNsv5_HDJswsqf1p03vjuqo7zR9Wt3erSu4qrbQZHE","digest":"E1GVsCMROwhvD0YcPl3piXCJ_k_3AqHxAWnf9xs9O-P8","type":"spec/overlays/information/1.0","language":"en","attribute_information":{"company_name":"Company name (always University of Guelph)","customer_n":"Customer number (always 6292)","date":"Report release date","fee_code":"Test code","grower_name":"Grower name (always the same location, but under slightly different names)","lab_n":"Laboratory number","report_description":"Test description","report_n":"Report number","report_result":"Test result","sample_id":"Diet name"}}