{"capture_base":"E7wNsv5_HDJswsqf1p03vjuqo7zR9Wt3erSu4qrbQZHE","digest":"EbtEiDSwxQULeZitx_VMJPcfx0RlDH5WeKdkNIxbHsao","type":"spec/overlays/label/1.0","language":"en","attribute_labels":{"company_name":"Company Name","customer_n":"Customer Number","date":"Date","fee_code":"Fee Code","grower_name":"Grower Name","lab_n":"Laboratory Number","report_description":"Report Description","report_n":"Report Number","report_result":"Report Result","sample_id":"Sample ID"},"attribute_categories":[],"category_labels":{}}