{
  "files": {
    "EETYxTE5ixqA21jluYQqBZgulf7klmvLzGYoTaK7x9eM": {
      "character_encoding": "E_2vmowu4lyrfMlJkYueNnQLntVNw2dd0UPMMQIIuVA8",
      "entry (en)": "ELdvspsFwJDhOiMvYFin0ZCnDeje0a_vlpURn24Fo_B4",
      "entry_code": "E8dbCJqjA5en4dufLqmUbWdvivtX5Pr7Mts80RQ5RXWo",
      "information (en)": "ElzTTCPQ6d2EkyEzJeOcTERDMNKmmcuQYNPn18vDxe0U",
      "label (en)": "E1hYRKtQMetGXA0NgYW8pAiF7kA6T4U5gCaz-9efl0i8",
      "meta (en)": "ExSyexfTilGyd0k6UfJrENwERLvlnn7FJRDgk4heM_ts"
    }
  },
  "root": "EETYxTE5ixqA21jluYQqBZgulf7klmvLzGYoTaK7x9eM"
}