{"capture_base":"EOyAi0wGIt_pmJUhTHVi2e9fbEZeJRezPpnTv44MApuM","digest":"EyFCN4d86e9qqC1R6wbMKADkJWu2lv-E9ae9-RvJhTmM","type":"spec/overlays/information/1.0","language":"en","attribute_information":{"animal_id":"Farm-level unique animal ID","collection_moment":"Moment the body weight was measured (Heifer Scale, during milking time or another time between 8AM and 4PM, including foot bath)","date":"Date the animal's RFID was read when passing through the BCS camera","dim":"Number of days in milk when measure was taken","lact_n":"Lactation number when measure was taken","session_n":"Session number. 1 = AM, 2 = PM","source":"Source/Location of the walk-over full-body scale (Parlour or Heifer Barn)","source_id":"Source ID. 1 = Parlour, 2 = Foot bath or other, 3 = Heifer barn","time":"Time the animal's RFID was read when passing through the BCS camera","weight":"Weight of the animal measured while it walks over a the scale"}}