{"capture_base":"E8eb0hZFMyeCSNe7cQ5JbM1jxc6gB7IwOLUGZFc2An4M","digest":"EiowLSTDZXLdDCVjWZ9kq7hGUz0enTxTzwYZCswcsu7w","type":"spec/overlays/information/1.0","language":"en","attribute_information":{"animal_id":"Farm-level unique animal ID","begin_date":"Milking start date","begin_time":"Milking start time","date":"Date cow started milking","end_date":"Milking end date","end_time":"Milking end time","feed_dispensed":"Amount (Kg) of feed pellets dispensed to animal, not necessarily the amount the animal ate","hour":"Cut-off time to calculate amount of feed dispensed","session_n":"Milking session number"}}