{"capture_base":"EzUM3dKG-lMmtu_sQ461enNQefDugg5Ks3TOSB3DtlzY","digest":"EbhWUgYzyE5nuV1hR6npNj3_fWE7iavA0EWiSMCR1mQU","type":"spec/overlays/information/1.0","language":"en","attribute_information":{"animal_id":"Farm-level unique animal ID","avg_flow":"Average milking flow","begin_time":"Milking start time","date":"Milking start date","dim":"Day in milk","duration":"Milking duration","end_time":"Milking end time","lact_n":"Lactation number","milking_device":"Milking device number","peak_flow":"Peak milking flow","session_n":"Milking session number","total_yield":"Total milk yield"}}