{"capture_base":"EzUM3dKG-lMmtu_sQ461enNQefDugg5Ks3TOSB3DtlzY","digest":"EtO_C6oezcOsob9E-CjFqC4SXq8ODjB-ynQALyCkfFTE","type":"spec/overlays/label/1.0","language":"en","attribute_labels":{"animal_id":"Animal ID","avg_flow":"Average flow","begin_time":"Begin time","date":"Begin date","dim":"Day in milk","duration":"Duration","end_time":"End time","lact_n":"Lactation number","milking_device":"Milking device","peak_flow":"Peak flow","session_n":"Session number","total_yield":"Total yield"},"attribute_categories":[],"category_labels":{}}