{"capture_base":"Eb1s8xvpxLSyNReBGyYpJxP-96rkwl3MSqCoo95SVflk","digest":"E9ms3XWXYznvsFbMTid50GQuaZjJrk4mvnB0pFY4gG2A","type":"spec/overlays/information/1.0","language":"en","attribute_information":{"as_fed_per_head_kg":"As fed amount dropped per head based on pen count","as_fed_per_load_kg":"As fed amount dropped per truck load","date":"Date diet was prepared","dm_per_head_kg":"Dry matter amount dropped per head based on pen count","dm_per_load_kg":"Dry matter amount dropped per truck load","ingredient":"Diet ingredient name","pen_count":"Number of animals in the pen","pen_name":"Diet name, often named after the pen number that received the diet","pen_number":"Pen number","pen_type":"Type of animal in the pan (Cows or Heifers)"}}