{"capture_base":"Eb1s8xvpxLSyNReBGyYpJxP-96rkwl3MSqCoo95SVflk","digest":"EC-saSTYW_S_37mF1I4KUiaLpoJwE9N9z4N9FEBFsyBw","type":"spec/overlays/label/1.0","language":"en","attribute_labels":{"as_fed_per_head_kg":"As Fed per Head in Kg","as_fed_per_load_kg":"As Fed per Load in Kg","date":"Date","dm_per_head_kg":"Dry Matter per Head in Kg","dm_per_load_kg":"Dry Matter per Load in Kg","ingredient":"Ingredient","pen_count":"Pen Count","pen_name":"Pen Name","pen_number":"Pen Number","pen_type":"Pen Type"},"attribute_categories":[],"category_labels":{}}