{"capture_base":"ERAGjxIuyuqzdN1zny2TRSgLB4MZ-WMv1XJ5eFkvV4UI","digest":"E2hNgKrHPVYCS0dzf0IQV_47biB3Ghgxx6nXc_Mk6J3w","type":"spec/overlays/information/1.0","language":"en","attribute_information":{"as_fed_per_load_kg":"As fed amount dropped per truck load","date":"Date diet was prepared","dm_per_load_kg":"Dry matter amount dropped per truck load","ingredient":"Diet ingredient name","pen_name":"Diet name, often named after the pen number that received the diet","pen_number":"Pen number","pen_type":"Type of animal in the pan (Cows or Heifers)"}}