{"capture_base":"EidEIg3MR_4T2MRxb5tv0cU8CFMuX9Eo-4Px_zC5YKk0","digest":"E5LE32nWR6RnBffW_Fnc7FadG5_FthVbUtjIqxRc9k00","type":"spec/overlays/information/1.0","language":"en","attribute_information":{"action":"Action taken by the VMS (Milking, Rejected, or Released unmilked)","action_code":"Action taken by the VMS (0=Milking; 1=Rejected; 4=Released unmilked)","animal_id":"Farm-level unique animal ID","begin_time":"Visit start time","date":"Visit start date","end_date":"Visit end date","end_time":"Visit end time"}}