{"capture_base":"EETYxTE5ixqA21jluYQqBZgulf7klmvLzGYoTaK7x9eM","digest":"ElzTTCPQ6d2EkyEzJeOcTERDMNKmmcuQYNPn18vDxe0U","type":"spec/overlays/information/1.0","language":"en","attribute_information":{"animal_id":"Farm-level unique animal ID","breeding_code":"Breeding code","date":"Date of event","dim":"If heifer (lact_n = 0), age in days at time of event. If cow (lact_n > 0), days in milk at time of event.","event":"Event","lact_n":"Lactation number at time of event","protocol":"Protocol used","remark":"Event remark","remark_code":"Remark code","technician_code":"Technician code"}}