{"type":"spec/capture_base/1.0","digest":"E0mOCMnqiyaSieuY1dTf2oTgRztV_dNBb4nmG6vgB1s8","classification":"RDF402","attributes":{"animal_id":"Numeric","avg_occ":"Numeric","begin_time":"DateTime","conductivity_lf":"Numeric","conductivity_lr":"Numeric","conductivity_rf":"Numeric","conductivity_rr":"Numeric","date":"DateTime","dim":"Numeric","duration":"DateTime","end_date":"DateTime","end_time":"DateTime","expected_yield":"Numeric","incomplete":"Numeric","kickoff":"Numeric","lact_n":"Numeric","mean_flow_lf":"Numeric","mean_flow_lr":"Numeric","mean_flow_rf":"Numeric","mean_flow_rr":"Numeric","not_milked_teats":"Numeric","peak_flow_lf":"Numeric","peak_flow_lr":"Numeric","peak_flow_rf":"Numeric","peak_flow_rr":"Numeric","quarter_lf_yield":"Numeric","quarter_lr_yield":"Numeric","quarter_rf_yield":"Numeric","quarter_rr_yield":"Numeric","sample_tube":"Numeric","sample_tube_position":"Numeric","sample_tube_rack":"Numeric","session_n":"Numeric","total_yield":"Numeric","yield_expected_lf":"Numeric","yield_expected_lr":"Numeric","yield_expected_rf":"Numeric","yield_expected_rr":"Numeric"},"flagged_attributes":[]}