{"capture_base":"E0mOCMnqiyaSieuY1dTf2oTgRztV_dNBb4nmG6vgB1s8","digest":"EgXwbElxBAphdxVCIxrELTNTz-j6LJ_d4mH218bNQ0dk","type":"spec/overlays/unit/1.0","metric_system":"","attribute_units":{"avg_occ":"*1000 cells/m","conductivity_lf":"mS/cm","conductivity_lr":"mS/cm","conductivity_rf":"mS/cm","conductivity_rr":"mS/cm","expected_yield":"Kg","mean_flow_lf":"Kg/min","mean_flow_lr":"Kg/min","mean_flow_rf":"Kg/min","mean_flow_rr":"Kg/min","peak_flow_lf":"Kg/min","peak_flow_lr":"Kg/min","peak_flow_rf":"Kg/min","peak_flow_rr":"Kg/min","quarter_lf_yield":"Kg","quarter_lr_yield":"Kg","quarter_rf_yield":"Kg","quarter_rr_yield":"Kg","total_yield":"Kg","yield_expected_lf":"Kg","yield_expected_lr":"Kg","yield_expected_rf":"Kg","yield_expected_rr":"Kg"}}