{"capture_base":"E0mOCMnqiyaSieuY1dTf2oTgRztV_dNBb4nmG6vgB1s8","digest":"Ek5VX9jPU81XYc4cdPEoE384iMUWLA9E5pd-wo-RZiv8","type":"spec/overlays/information/1.0","language":"en","attribute_information":{"animal_id":"Farm-level unique animal ID","avg_occ":"Average online cell counter","begin_time":"Milking start time","conductivity_lf":"Conductivity on left front teat","conductivity_lr":"Conductivity on left rear teat","conductivity_rf":"Conductivity on right front teat","conductivity_rr":"Conductivity on right rear teat","date":"Milking start date","dim":"Days in milk","duration":"Milking duration","end_date":"Milking end date","end_time":"Milking end time","expected_yield":"Total Expected Yield","incomplete":"Number of incomplete milkings","kickoff":"Number of kickoffs","lact_n":"Lactation number","mean_flow_lf":"Mean milking flow on left front teat","mean_flow_lr":"Mean milking flow on left rear teat","mean_flow_rf":"Mean milking flow on right front teat","mean_flow_rr":"Mean milking flow on right rear teat","not_milked_teats":"Number of teats not milked","peak_flow_lf":"Peak milking flow on left front teat","peak_flow_lr":"Peak milking flow on left rear teat","peak_flow_rf":"Peak milking flow on right front teat","peak_flow_rr":"Peak milking flow on right rear teat","quarter_lf_yield":"Milk yield on left front teat","quarter_lr_yield":"Milk yield on left rear teat","quarter_rf_yield":"Milk yield on right front teat","quarter_rr_yield":"Milk yield on right rear teat","sample_tube":"Sample tube number (0-140)","sample_tube_position":"Sample tube position (0-70)","sample_tube_rack":"Sample tube rack number (0-2)","session_n":"Milking session number","total_yield":"Total milk yield","yield_expected_lf":"Expected milk yield on left front teat","yield_expected_lr":"Expected milk yield on left rear teat","yield_expected_rf":"Expected milk yield on right front teat","yield_expected_rr":"Expected milk yield on right rear teat"}}