{"capture_base":"E0mOCMnqiyaSieuY1dTf2oTgRztV_dNBb4nmG6vgB1s8","digest":"ETyviV4wVQS370q3IGmSNk5gnRpM7C274Og3pL_kawdE","type":"spec/overlays/label/1.0","language":"en","attribute_labels":{"animal_id":"Animal ID","avg_occ":"Average OCC","begin_time":"Begin time","conductivity_lf":"Conductivity left front","conductivity_lr":"Conductivity left rear","conductivity_rf":"Conductivity right front","conductivity_rr":"Conductivity right rear","date":"Date","dim":"Days in milk","duration":"Duration","end_date":"End date","end_time":"End time","expected_yield":"Expected yield","incomplete":"Incomplete","kickoff":"Kickoff","lact_n":"Lactation number","mean_flow_lf":"Mean flow left front","mean_flow_lr":"Mean flow left rear","mean_flow_rf":"Mean flow right front","mean_flow_rr":"Mean flow right rear","not_milked_teats":"Not milked teats","peak_flow_lf":"Peak flow left front","peak_flow_lr":"Peak flow left rear","peak_flow_rf":"Peak flow right front","peak_flow_rr":"Peak flow right rear","quarter_lf_yield":"Left front quarter yield","quarter_lr_yield":"Left rear quarter yield","quarter_rf_yield":"Right front quarter yield","quarter_rr_yield":"Right rear quarter yield","sample_tube":"Sample tube","sample_tube_position":"Sample tube position","sample_tube_rack":"Sample tube rack","session_n":"Session number","total_yield":"Total yield","yield_expected_lf":"Expected yield left front","yield_expected_lr":"Expected yield left rear","yield_expected_rf":"Expected yield right front","yield_expected_rr":"Expected yield right rear"},"attribute_categories":[],"category_labels":{}}