{"capture_base":"Ejb-VnURzuRyqArT0mZ_JH0he3nUnVz9Lp88378ump-o","digest":"EH7wy7H2_sPlc4sY-lf6B9wcS4x0FBJemdR3uPcOke0E","type":"spec/overlays/information/1.0","language":"en","attribute_information":{"animal_id":"Farm-level unique animal ID","breeding_code":"Breeding code","date":"Date of event","dim":"If heifer (lact_n = 0), age in days at time of event. If cow (lact_n > 0), days in milk at time of event","event":"Event","lact_n":"Lactation number at time of event","protocol":"Protocol used","remark":"Event remark","remark_code":"Remark code","technician_code":"Technician code"}}