{"capture_base":"E8oY6UBImmIxQelTwpfPtmTVqV6snzBsUYpDj1wXsM9Q","digest":"E8SL6nQOqitmO_3lF1hPj6nIsqzDyMVKs6pfJZkcTYZ0","type":"spec/overlays/label/1.0","language":"en","attribute_labels":{"animal_id":"Animal ID","date":"Date","dc_logs_event_info":"Information About Event","dc_logs_event_time":"Event Time Logged in DairyComp","dc_logs_pen":"DairyComp Pen Number on Log File","insentec_first_pen_visit":"First Insentec Pen Visit","insentec_last_pen_visit":"Last Insentec Pen Visit","insentec_pen":"Insentec Pen Number","scr_pen":"SCR Pen"},"attribute_categories":[],"category_labels":{}}