{"capture_base":"E8oY6UBImmIxQelTwpfPtmTVqV6snzBsUYpDj1wXsM9Q","digest":"EqKE8uOHyJ_OYVaeG-PUx3Z5oaM2fQyvvILUKyumhIA4","type":"spec/overlays/information/1.0","language":"en","attribute_information":{"animal_id":"Farm-level unique animal ID","date":"Date position (pen number) was recorded","dc_logs_event_info":"Information about event. Sold: Animal sold. Died: Animal left the herd. Moved: Animal was moved to pen indicated on dc_logs_pen. Implied Position: dc_logs_pen was implied from previous 'Moved' event.","dc_logs_event_time":"Time event was recorded on DairyComp log. Empty field means that pen number did not actually appear on the logs, thus there is no time available.","dc_logs_pen":"Pen number indicated on the log file of DairyComp when an animal change positions (Move event), or pen number implied from last informed position until animal is sold or leaves the herd.","insentec_first_pen_visit":"First time animal visited an Insentec bin on that pen and day","insentec_last_pen_visit":"Last time animal visited an Insentec bin on that pen and day","insentec_pen":"Pen number based on bins visited by animal on Insentec system. If pens were connected due to trial needs, an animal might have more than one insentec_pen per day.","scr_pen":"Pen number indicated by the SCR/Allflex tag at the end of the day"}}