{"capture_base":"E8oY6UBImmIxQelTwpfPtmTVqV6snzBsUYpDj1wXsM9Q","digest":"Eu6G-muelLaXp3HDU3UqXgRwVaAu5GZQw4_GYMelAuSQ","type":"spec/overlays/meta/1.0","language":"en","name":"animal_position","description":"Daily animal position at the barn extracted from SCR collars, DairyComp's log files, and Insentec VR files. Animal position from SCR is the last position on the day, whereas DairyComp shows all move events on a day or is implied to be the same as the last one informed until animal dies or leaves the herd. Positions from Insentec system is based on bin visits."}