{"capture_base":"EdwRyEtXZyYouekP2dU4PxNmfK7nzr877mRcxShs4moU","digest":"ETmvoVGy0uE1kqIe5jeV-pQItajAVn7xvQtAnTLWYYNs","type":"spec/overlays/label/1.0","language":"en","attribute_labels":{"date":"Date","inside_co2":"Inside CO2","inside_rh":"Inside Relative Humidity","inside_temp_celcius":"Inside Temperature in Celcius","inside_temp_sensor_n":"Inside Temperature Sensor Number","outside_rh":"Outside Relative Humidity","outside_temp_celcius":"Outside Temperature in Celcius","outside_windspeed_metres_per_sec":"Outside Windspeed in Metres per Second","time":"Time"},"attribute_categories":[],"category_labels":{}}