{"capture_base":"EIYIGZ3g8tpUhE6NGThqYpwWBqJQ7oOTecM1m-8FkerQ","digest":"Er5Avk7SYNrdoELQ4lDqmNoz1g10Zx9AlZEbTxlpM4Dc","type":"spec/overlays/information/1.0","language":"en","attribute_information":{"company_name":"Company name","customer_n":"Customer number","date":"Report release date","fee_code":"Test code","grower_name":"Grower name","lab_n":"Laboratory number","report_description":"Test description","report_n":"Report number","report_result":"Test result","report_result_dry":"Test result from dried sample","sample_id":"Diet name"}}