{"capture_base":"EIYIGZ3g8tpUhE6NGThqYpwWBqJQ7oOTecM1m-8FkerQ","digest":"EwKyXxiMI1hA4fA5a3h_BLOWnv-AphZ2boBE5atW9Ymg","type":"spec/overlays/label/1.0","language":"en","attribute_labels":{"company_name":"Company Name","customer_n":"Customer Number","date":"Date","fee_code":"Fee Code","grower_name":"Grower Name","lab_n":"Laboratory Number","report_description":"Report Description","report_n":"Report Number","report_result":"Report Result","report_result_dry":"Report Result Dry","sample_id":"Sample ID"},"attribute_categories":[],"category_labels":{}}