{"capture_base":"EO7a7u0Iy1PUWVSYtzUxh7G9bKwMEr_0OIFVqp-18gyU","digest":"EdjaH2S1BILLcVBJoj1jcm27a2fxjKG8voECaObqkaPs","type":"spec/overlays/information/1.0","language":"en","attribute_information":{"animal_id":"Farm-level unique animal ID","date":"Milk sampling date","dim":"Number of days into current lactation at the time of the event. For dry cows, total days in most recent lactation including while dry.","ecm":"Energy-corrected milk (ECM) determines the amount of milk produced adjusted to 3.5% butterfat and 3.2% protein (in L)","lact_n":"Lactation number on the day of sampling","ls":"Linear score is a base 2 log transformation of SCC. The converted linear scores have a direct or straight-line relationship with milk yield.","milk":"Litres of milk produced on the day of sampling","milk_305":"Projected milk yield for a 305-day lactation period","mun":"Milk urea nitrogen (MUN) in testday sample. The amount of MUN in the milk (in mg/dl).","pctf":"Milkfat percentage of total milk weight in test day sample","pctp":"Protein percentage of total milk weight in test day sample","pos":"Barn position when sampled (innacurate - to be discontinued)","relv":"The percentage of the test day milk sample's 305ME Milk value normalized to the Herd Average 305ME Milk for that testday. 100% if 305ME Milk result is exactly the herd average for 305ME milk.","scc":"Somatic cell count in the test day sample (x1000 cells/mL)."}}