{"capture_base":"EO7a7u0Iy1PUWVSYtzUxh7G9bKwMEr_0OIFVqp-18gyU","digest":"EHVxsKfTwgGgJMIxwo061s-ZiFkiE6wWJiXEuHHR8V-8","type":"spec/overlays/label/1.0","language":"en","attribute_labels":{"animal_id":"Animal ID","date":"Date","dim":"Days in Milk","ecm":"Energy-corrected Milk","lact_n":"Lactation Number","ls":"Linear Score SCC","milk":"Milk Yield","milk_305":"Milk 305","mun":"Milk Urea Nitrogen","pctf":"Fat Percentage","pctp":"Protein Percentage","pos":"Barn Position","relv":"Relative Milk 305","scc":"Somatic Cell Count"},"attribute_categories":[],"category_labels":{}}