{"capture_base":"EspW9l41AzMsYRZEI9lMwvku52SS0X81HrnGHPUmbkLQ","digest":"E7gn7OrGn7tCJdCqOtOU2yPPfYb36WInKOtlKc2kNV9Q","type":"spec/overlays/label/1.0","language":"en","attribute_labels":{"body_weight":"Body Weight","date":"Date","diagnosis":"Diagnosis","diagnosis_occurence":"Diagnosis Occurence","event_id":"Event ID","herdtrax_id":"Herdtrax ID","oid":"Record ID","protocol":"Protocol","quantity":"Quantity","route":"Route","temperature":"Temperature","treatment":"Treatment","unit":"Unit","withdrawal_date":"Withdrawal Date"},"attribute_categories":[],"category_labels":{}}