{"capture_base":"EspW9l41AzMsYRZEI9lMwvku52SS0X81HrnGHPUmbkLQ","digest":"EcaYG7tOokl2r2dNAW7TNxRr3bvacSHDkcT7VaZrcRGw","type":"spec/overlays/character_encoding/1.0","default_character_encoding":"utf-8","attribute_character_encoding":{"body_weight":"utf-8","date":"utf-8","diagnosis":"utf-8","diagnosis_occurence":"utf-8","event_id":"utf-8","herdtrax_id":"utf-8","oid":"utf-8","protocol":"utf-8","quantity":"utf-8","route":"utf-8","temperature":"utf-8","treatment":"utf-8","unit":"utf-8","withdrawal_date":"utf-8"}}