{"capture_base":"EspW9l41AzMsYRZEI9lMwvku52SS0X81HrnGHPUmbkLQ","digest":"Ejr0UiAWsJyma-sc4HwE5wcMP8vwfpOPJj5FLdvtePnM","type":"spec/overlays/information/1.0","language":"en","attribute_information":{"body_weight":"Body weight at time of treatment. Not all treatments have a body weight measured, but Herdtrax requires a body weight for every entry, therefore 1000 and 2000 are entered when body weights were not measured.","date":"Treatment or diagnosis date","diagnosis":"Diagnosis","diagnosis_occurence":"Occurence number of the same diagnosis for a given animal. Incremented by one for each consecutive occurence.","event_id":"Herdtrax's internal event ID","herdtrax_id":"Herdtrax's internal Animal ID","oid":"Internal database record ID","protocol":"Treament/drug protocol","quantity":"Treament/drug quantity","route":"Treament/drug route","temperature":"Temperature at time of treatment","treatment":"Treament/drug administered","unit":"Treament/drug unit","withdrawal_date":"Meat withdrawal date"}}