{"capture_base":"EOx--Q96bbiBLWsIfe1ymwyBUN7jQxL9NoA00RiWTKhw","digest":"EFjKI1v9jN6VWA980PaPYPFMUJyIbDSyxNDK07QgHpvw","type":"spec/overlays/information/1.0","language":"en","attribute_information":{"animal_id":"Farm-level unique animal ID","collection_moment":"Moment the score was measured (During milking time, foot bath or other time)","date":"Date of Event","raw_bcs":"Body Condition Score (BCS) estimated through a BCS 3D camera. Score goes from 1 to 5.","source":"Source/Location of the BCS camera (Parlour, Robot, or Heifer barn)","source_id":"Source ID. 1 = Parlour, 2 = Foot Bath or Other, 3 = Voluntary Milking System","time":"Time the animal's RFID was read when passing through the BCS camera, without time zone."}}