{"capture_base":"EOx--Q96bbiBLWsIfe1ymwyBUN7jQxL9NoA00RiWTKhw","digest":"EuZEj_hrm3FMswfFgegdG_Fd0_ObI53_73ZhB77jJK5U","type":"spec/overlays/meta/1.0","language":"en","name":"conformation_bcs","description":"Body Condition Score (BCS) collected from BCS cameras places at the exit of the Milking Parlour & at the exit of the Voluntary Milking System (VMS). Data collection happens after milkings (Parlour and VMS), after foot bath (Monday, Wednesday, and Friday afternoons) or at another time when animals are individually brought to the walk-over scale."}