{"capture_base":"EdwRyEtXZyYouekP2dU4PxNmfK7nzr877mRcxShs4moU","digest":"EoQHEcPB-WTu5zI3RxxhcbMhiPVb0xRxeFiwOWZq5hUY","type":"spec/overlays/information/1.0","language":"en","attribute_information":{"date":"Date measures were taken","inside_co2":"CO2 inside the barn","inside_rh":"Relative Humidity inside the barn","inside_temp_celcius":"Temperature inside the barn","inside_temp_sensor_n":"Number of sensor that measures temperature inside the barn","outside_rh":"Relative Humidity outside the barn","outside_temp_celcius":"Temperature outside the barn","outside_windspeed_metres_per_sec":"Windspeed outside the barn","time":"Time measures were taken"}}