{"capture_base":"EWE0czK328Gy0gQQK0RdaTMxZ66BIXZjPZXyxk4RroKo","digest":"EEcska9wdfDcKBjDlOEHdUAJIhbCgUjmRsL3ohjvFPLI","type":"spec/overlays/character_encoding/1.0","default_character_encoding":"utf-8","attribute_character_encoding":{"animal_id":"utf-8","avg_blood":"utf-8","avg_conductivity":"utf-8","avg_flow":"utf-8","begin_time":"utf-8","date":"utf-8","dim":"utf-8","duration":"utf-8","end_time":"utf-8","expected_yield":"utf-8","kickoffs":"utf-8","lact_n":"utf-8","max_conductivity":"utf-8","relative_conductivity":"utf-8","session_n":"utf-8","sort_speed":"utf-8","total_yield":"utf-8"}}