{"capture_base":"EWE0czK328Gy0gQQK0RdaTMxZ66BIXZjPZXyxk4RroKo","digest":"EKW3bSt0gLXWPyzdKcbOnKWfJU5HgWLRwa-yg7gif4f0","type":"spec/overlays/information/1.0","language":"en","attribute_information":{"animal_id":"Farm-level unique animal ID","avg_blood":"Average blood","avg_conductivity":"Average conductivity","avg_flow":"Average milking flow","begin_time":"Milking start time","date":"Milking start date","dim":"Days in milk","duration":"Milking duration","end_time":"Milking end time","expected_yield":"Expected yield","kickoffs":"Number of kickoffs","lact_n":"Lactation number","max_conductivity":"Maximum conductivity","relative_conductivity":"Relative conductivity","session_n":"Milking session number","sort_speed":"Sort speed","total_yield":"Total milk yield"}}