{"capture_base":"EWE0czK328Gy0gQQK0RdaTMxZ66BIXZjPZXyxk4RroKo","digest":"EqZ8KjEWxulc4jwlC5hIJkm4HL_D3sRuBwHbFSAk9s8I","type":"spec/overlays/label/1.0","language":"en","attribute_labels":{"animal_id":"Animal ID","avg_blood":"Average blood","avg_conductivity":"Average conductivity","avg_flow":"Average milking flow","begin_time":"Being time","date":"Date","dim":"Days in milk","duration":"Duration","end_time":"End time","expected_yield":"Expected yield","kickoffs":"Number of kickoffs","lact_n":"Lactation number","max_conductivity":"Maximum conductivity","relative_conductivity":"Relative conductivity","session_n":"Session number","sort_speed":"Sort speed","total_yield":"Total yield"},"attribute_categories":[],"category_labels":{}}