{"type":"spec/capture_base/1.0","digest":"EWE0czK328Gy0gQQK0RdaTMxZ66BIXZjPZXyxk4RroKo","classification":"RDF402","attributes":{"animal_id":"Numeric","avg_blood":"Numeric","avg_conductivity":"Numeric","avg_flow":"Numeric","begin_time":"DateTime","date":"DateTime","dim":"Numeric","duration":"DateTime","end_time":"DateTime","expected_yield":"Numeric","kickoffs":"Numeric","lact_n":"Numeric","max_conductivity":"Numeric","relative_conductivity":"Numeric","session_n":"Numeric","sort_speed":"DateTime","total_yield":"Numeric"},"flagged_attributes":[]}