{"capture_base":"E0zwqZaZZmdighLXrwN46EijpNjNzJW_2HdNjWWl3L_A","digest":"E0dx4engXDi-TkLfN_q5WrRs-AFWfKhY4hH8kZvi4RPw","type":"spec/overlays/meta/1.0","language":"en","name":"animal_ebvs","description":"This table contains Estimated Breeding Values (EBVs) extracted from DairyComp. These results are released directly by Lactanet on the first Wednesday of each month, coinciding with the herd's DHI test results. Official results are provided for the months of April, August, and December, while results from other months are considered unofficial. If animals have been genotyped, the results will be genomic EBVs. To prevent data duplication, a record for any given animal is only added to the database if at least one EBV has changed from the previous month, or if new results are available."}