{"type":"spec/capture_base/1.0","digest":"E0zwqZaZZmdighLXrwN46EijpNjNzJW_2HdNjWWl3L_A","classification":"RDF402","attributes":{"animal_id":"Numeric","date":"DateTime","gbcs":"Numeric","gbeta":"Text","gbmr":"Numeric","gconf":"Numeric","gdeas":"Numeric","gdf":"Numeric","gease":"Numeric","genom":"Text","gfat":"Numeric","gfe":"Numeric","gfl":"Numeric","gfpct":"Numeric","ggpct":"Numeric","ghh":"Numeric","ghl":"Numeric","ginb":"Numeric","gkapa":"Text","gloco":"Numeric","glpi":"Numeric","gmamm":"Numeric","gmdr":"Numeric","gme":"Numeric","gmilk":"Numeric","gmr":"Numeric","gpers":"Numeric","gpoll":"Text","gprodollar":"Numeric","gprot":"Numeric","grump":"Numeric","gscs":"Numeric","gteat":"Text","gtmp":"Numeric"},"flagged_attributes":[]}