{"capture_base":"E0zwqZaZZmdighLXrwN46EijpNjNzJW_2HdNjWWl3L_A","digest":"E5P-sbC8qQQb_PH0dgl4oz9m_Aq3TXdmtujEAtiLz7IE","type":"spec/overlays/character_encoding/1.0","default_character_encoding":"utf-8","attribute_character_encoding":{"animal_id":"utf-8","date":"utf-8","gbcs":"utf-8","gbeta":"utf-8","gbmr":"utf-8","gconf":"utf-8","gdeas":"utf-8","gdf":"utf-8","gease":"utf-8","genom":"utf-8","gfat":"utf-8","gfe":"utf-8","gfl":"utf-8","gfpct":"utf-8","ggpct":"utf-8","ghh":"utf-8","ghl":"utf-8","ginb":"utf-8","gkapa":"utf-8","gloco":"utf-8","glpi":"utf-8","gmamm":"utf-8","gmdr":"utf-8","gme":"utf-8","gmilk":"utf-8","gmr":"utf-8","gpers":"utf-8","gpoll":"utf-8","gprodollar":"utf-8","gprot":"utf-8","grump":"utf-8","gscs":"utf-8","gteat":"utf-8","gtmp":"utf-8"}}