{"capture_base":"E0zwqZaZZmdighLXrwN46EijpNjNzJW_2HdNjWWl3L_A","digest":"Ey9So9Xuo962b8NaRFCRAUXMpoXBP4sHrq4-iTI1qoZo","type":"spec/overlays/information/1.0","language":"en","attribute_information":{"animal_id":"Farm-level unique animal ID","date":"Date results became available on DairyComp","gbcs":"","gbeta":"","gbmr":"","gconf":"","gdeas":"","gdf":"","gease":"","genom":"Indicates if animal if results are genomic EBVs (G) or not (null).","gfat":"","gfe":"","gfl":"","gfpct":"","ggpct":"","ghh":"","ghl":"","ginb":"","gkapa":"","gloco":"","glpi":"","gmamm":"","gmdr":"","gme":"","gmilk":"","gmr":"","gpers":"","gpoll":"","gprodollar":"","gprot":"","grump":"","gscs":"","gteat":"","gtmp":""}}