{"capture_base":"E0zwqZaZZmdighLXrwN46EijpNjNzJW_2HdNjWWl3L_A","digest":"EYjVR_Mo_M07I92bFqPM0hMYU-zWvvzoElW6cllBoTCM","type":"spec/overlays/label/1.0","language":"en","attribute_labels":{"animal_id":"Animal ID","date":"Date","gbcs":"Body Condition Score","gbeta":"Beta Casein","gbmr":"Body Maintenance Requirements","gconf":"Conformation","gdeas":"Daughter Calving Ease","gdf":"Daughter Fertility","gease":"Calving Ease","genom":"Genomic","gfat":"Fat Yield","gfe":"Feed Efficiency","gfl":"Feet and Legs","gfpct":"Fat Percentage","ggpct":"Protein Percentage","ghh":"Hoof Health","ghl":"Herd Life","ginb":"Inbreeding Percentage","gkapa":"Kappa Casein","gloco":"Locomotion","glpi":"Lifetime Performance Index (LPI)","gmamm":"Mammary System","gmdr":"Metabolic Disease Reistance","gme":"Methane Efficiency","gmilk":"Milk Yield","gmr":"Mastitis Resistance","gpers":"Lactation Persistance","gpoll":"Polled Gene","gprodollar":"Prodollar","gprot":"Protein Yield","grump":"Rump","gscs":"Somatic Cell Score","gteat":"Teat Length","gtmp":"Milking Temperament"},"attribute_categories":[],"category_labels":{}}