{"capture_base":"Eb9qaLLeZLyqoN2va-uN6adcgtiaYcilXBcYgShMQyhA","digest":"EdP4YhhujElWov33PyyjX6jYPKoFPDQ8nmtLIRQpUDbc","type":"spec/overlays/meta/1.0","language":"en","name":"feed_insentec_fr","description":"Insentec data from VR files with end weight and intake fixed. Assumption: the start weight of the following visit is more accurate than the end weight of the current visit, since the scale on the bin had more time to get a more stabilized weight before the next cow's visit. Fixing strategy: If start weight of following visit is equal (cow didn't eat) or smaller than the current visit's start weight (cow ate), and the following visit's start weight is different than the current visit's end weight, then the current visit's end weight is replaced with the start weight of the following visit. These conditions are applied with data grouped by date and bin, and sorted ascending by start time. Limitation: because data is grouped by date, if the last visit of a day registered an incorrect weight to a bin, it will not be corrected with the first visit of the following day of such bin. Additionally, if the start weight of the following visit is greater than the start weight of the current visit, then nothing is done, since supplement/more feed could have been added to the bin between visits or the scale was really broken. Further inspection to the data is recommended."}