{"capture_base":"Eb9qaLLeZLyqoN2va-uN6adcgtiaYcilXBcYgShMQyhA","digest":"ESAPLM8LF6Zx5tb28SGErahDwSeYP_dSGwrKJGUqQMUg","type":"spec/overlays/label/1.0","language":"en","attribute_labels":{"animal_id":"Animal ID","bin_id":"Bin ID","date":"Date","diet":"Diet","duraction_sec":"Duration in Seconds","end_time":"End TIme","end_weight_kg":"End Weight in Kilograms","fixed":"Fixed","intake_kg":"Intake","start_time":"Start Time","start_weight_kg":"Start Weight in Kilograms","transponder_id":"Transponder ID"},"attribute_categories":[],"category_labels":{}}