{"capture_base":"Eb9qaLLeZLyqoN2va-uN6adcgtiaYcilXBcYgShMQyhA","digest":"Esn74OXqTYisfVK9s9xFwxtbgDpxp9pKRKtofTMH6sko","type":"spec/overlays/information/1.0","language":"en","attribute_information":{"animal_id":"Farm-level unique animal ID","bin_id":"Feed bin ID","date":"Date the animal's RFID was read at the beginning of visit","diet":"Diet inside of the feed bin. Animal-specific diets are named after the respective animal's number","duraction_sec":"Duration of the visit","end_time":"Time the animal's RFID was read at the end of visit, without time zone.","end_weight_kg":"Weight of the feed bin at the end of visit","fixed":"True if end_weight_kg and intake_kg were fixed to account for predictable negative intake_kg values. False otherwise","intake_kg":"Difference between end_weight and start_weight","start_time":"Time the animal's RFID was read at the beginning of visit, without time zone.","start_weight_kg":"Weight of the feed bin at the beginning of visit","transponder_id":"RFID from animal tag"}}