{"capture_base":"EQQPSXc5dN4nrINnlp9XBjnUoMUnK98PA5VMD-NGLEpY","digest":"EGlDA7TuMtlcsTh_Ttxo_md1AOxHZzvNYeaaJ32-j42o","type":"spec/overlays/information/1.0","language":"en","attribute_information":{"animal_id":"Farm-level unique animal ID","date":"Date feed was offered (dropped) to the animal with the Super Data Ranger cart","date_orts":"Date orts (left-over feed) was collected from the animal before more feed was offered (Kg)","feed_offered":"Amount of feed offered (dropped) to the animal (Kg)","feed_orts":"Amount of orts (left-over feed) (Kg)","total_intake":"Total intake from one morning to another (Kg)"}}