{"capture_base":"EVzAk_za6zZ0H2syBQ7GA8dvEmb-4NxbzeGIEhkCiRj8","digest":"EpLYvNpnmzh_SxS4bAo9MZEuE9nlW_v0op-yf9MZs3jg","type":"spec/overlays/label/1.0","language":"en","attribute_labels":{"apollo_id":"Apollo ID","bin_id":"Bin ID","date":"Date","diet":"Diet","duration_sec":"Duration in Seconds","end_time":"End Time","end_weight_kg":"End Weight in Kilograms","intake":"Intake in Kilograms","start_time":"Start Time","start_weight_kg":"Start Weight in Kilograms","transponder_id":"Transponder ID"},"attribute_categories":[],"category_labels":{}}