{"capture_base":"EVzAk_za6zZ0H2syBQ7GA8dvEmb-4NxbzeGIEhkCiRj8","digest":"EUrBxJgEpbxKuBtFfYKtvkfu0_3FrOCmmIfkjiy3p2WM","type":"spec/overlays/information/1.0","language":"en","attribute_information":{"apollo_id":"Animal ID used on Apollo","bin_id":"Feed bin ID","date":"Date the animal's RFID was read at the beginning of visit","diet":"Diet inside of the feed bin. Animal-specific diets are named after the respective animal's number","duration_sec":"Duration of the visit","end_time":"Time the animal's RFID was read at the end of visit","end_weight_kg":"Weight of the feed bin at the end of visit","intake":"Difference between end_weight and start_weight","start_time":"Time the animal's RFID was read at the beginning of visit","start_weight_kg":"Weight of the feed bin at the beginning of visit","transponder_id":"RFID from animal tag"}}