{"capture_base":"EkLFcmidJNRuUZ6oOV5_pF2WXOEJhdGheWaDbFPR4MTw","digest":"EdD6DUDujoOwTUQfGL3ZOwJrHOl0b0zWjBSuLafW7-8k","type":"spec/overlays/information/1.0","language":"en","attribute_information":{"allflex_tag":"RFID from Allflex sensor","animal_id":"Farm-level unique animal ID","avg_rum_change_within_herd":"Average rumination change relative to herd","avg_rum_change_within_pen":"Average rumination change relative to pen","date":"Date activity was measured","pen":"Pen number","raw_rumination":"Number of minutes the animal ruminated in the past 2 hours","rum_deviation":"Rumination deviation","time":"Last hour activity was received","total_rum_last_24h":"Number of minutes the animal ruminated in the past 24 hours","weighted_rum_change":"Weighted rumination change"}}