{"capture_base":"EkLFcmidJNRuUZ6oOV5_pF2WXOEJhdGheWaDbFPR4MTw","digest":"EnFGO75wp5Q-3nCYE4yDZMS5Ymrd5M0Bv0AC2BapnAHU","type":"spec/overlays/label/1.0","language":"en","attribute_labels":{"allflex_tag":"AllFlex Tag","animal_id":"Animal ID","avg_rum_change_within_herd":"Average Rumination Change Within Herd","avg_rum_change_within_pen":"Average Rumination Change Within Pen","date":"Date","pen":"Pen Number","raw_rumination":"Raw Rumination","rum_deviation":"Rumination Deviation","time":"Time","total_rum_last_24h":"Total Rumination in Last 24 Hours","weighted_rum_change":"Weighted Rumination Chanfe"},"attribute_categories":[],"category_labels":{}}