{"capture_base":"EkLFcmidJNRuUZ6oOV5_pF2WXOEJhdGheWaDbFPR4MTw","digest":"EW3mQBAKZmNFZyiDG43xNPFdU3WWvJTsAOwOG6khFTYo","type":"spec/overlays/character_encoding/1.0","default_character_encoding":"utf-8","attribute_character_encoding":{"allflex_tag":"utf-8","animal_id":"utf-8","avg_rum_change_within_herd":"utf-8","avg_rum_change_within_pen":"utf-8","date":"utf-8","pen":"utf-8","raw_rumination":"utf-8","rum_deviation":"utf-8","time":"utf-8","total_rum_last_24h":"utf-8","weighted_rum_change":"utf-8"}}