{"capture_base":"EdGqTkUPVAPdsbuX7bF3GGmdhnCPlocKJlhqZn48EOBY","digest":"E6PI0yej2t2dsB88cGdgK9eA0Qw81iYPNMeLZA0s46y8","type":"spec/overlays/label/1.0","language":"en","attribute_labels":{"act_change":"Activity Change","act_change_2h":"Activity Change in 2 Hours","allflex_tag":"AllFlex Tag","animal_id":"Animal ID","avg_act_change_within_herd":"Average Activity Change Within Herd","avg_act_change_within_pen":"Average Activity Change Within Pen","date":"Date","pen":"Pen Number","raw_activity":"Raw Activity","time":"Time"},"attribute_categories":[],"category_labels":{}}