{"capture_base":"EdGqTkUPVAPdsbuX7bF3GGmdhnCPlocKJlhqZn48EOBY","digest":"EmoNCdZN1zb6TEhdGIbvbCPcEDmilUqhYP6ijg3XkbVg","type":"spec/overlays/information/1.0","language":"en","attribute_information":{"act_change":"Activity change","act_change_2h":"Activity change in the past 2 hours","allflex_tag":"RFID from Allflex sensor","animal_id":"Farm-level unique animal ID","avg_act_change_within_herd":"Activity change relative to herd","avg_act_change_within_pen":"Activity change relative to pen","date":"Date activity was measured","pen":"Pen number","raw_activity":"Raw activity in the past 2 hours","time":"Last hour activity was received"}}