{"capture_base":"EY2MstiQAo9N8bZrz8npN_zA8F6HGpTkFmFshS1ysNfM","digest":"E5sppV_lbhyLlPSaAjLVTfia7gikuV_zW5FfOR66ewBQ","type":"spec/overlays/information/1.0","language":"en","attribute_information":{"animal_id":"Farm-level unique animal ID","bin_id":"Feed bin ID","date":"Date the animal's RFID was read at the beginning of visit","diet":"Diet inside of the feed bin. Animal-specific diets are named after the respective animal's number","duration_sec":"Duration of the visit","end_time":"Time the animal's RFID was read at the end of visit","end_weight_kg":"Weight of the feed bin at the end of visit","intake":"Difference between end_weight and start_weight","start_time":"Time the animal's RFID was read at the beginning of visit","start_weight_kg":"Weight of the feed bin at the beginning of visit","transponder_id":"RFID from animal tag"}}