{"capture_base":"EY2MstiQAo9N8bZrz8npN_zA8F6HGpTkFmFshS1ysNfM","digest":"E9iJtJ69QSIO5KsH3Oi08Ovy3ozak8coq879cqUneDTg","type":"spec/overlays/label/1.0","language":"en","attribute_labels":{"animal_id":"Animal ID","bin_id":"Bin ID","date":"Date","diet":"Diet","duration_sec":"Duration in Seconds","end_time":"End Time","end_weight_kg":"End Weight in Kilograms","intake":"Intake in Kilograms","start_time":"Start Time","start_weight_kg":"Start Weight in Kilograms","transponder_id":"Transponder ID"},"attribute_categories":[],"category_labels":{}}