{"capture_base":"EjWfUPCYvCyum7G7LdxYKRcbM0e6Tr--ds9BLLODyUAA","digest":"EFiDsgKmUnUM6Ij2yZq9exRUjhCwHU7C-2glQsFYLtJw","type":"spec/overlays/information/1.0","language":"en","attribute_information":{"animal_id":"Farm-level animal ID","date":"Date animal ate (Insentec) or was offered feed (maternity and tie stalls)","feed_carts_intake":"Total intake from animal fed with the feed carts (Super Data Ranger and Orts carts). If null, animal was not at maternity/tie stalls or did not eat while there","insentec_intake":"Sum of all positive intakes per animal per day using data from the Insentec (FR) table. If null, animal was not at a pen with an Insentec bin, or did not eat from an Insentec bin while there","total_intake":"Sum of insentec_intake and feed_carts_intake"}}