{"capture_base":"EjWfUPCYvCyum7G7LdxYKRcbM0e6Tr--ds9BLLODyUAA","digest":"EYNYyWOwO8yenZcj89GGiBSG2AEl9Tw32f9nDvzgvW1I","type":"spec/overlays/meta/1.0","language":"en","name":"feed_aggregation","description":"Aggregated daily feed intakes for animals fed at the maternity & tie stalls and from Insentec bins. Daily intakes for Insentec data is the sum of all positive intakes per animal per day using data from the Insentec (FR) table. Please refer to the description of such table to learn how Insentec data was pre-treated."}