{"capture_base":"ET0CLrR-VEXJu7eOCZAcbA7S-7MdkKFhP7RwVKng3LTc","digest":"E6iY3f6vatZFEpd-UCWVL0hEVOn0wBqbdko9dFLD9z9c","type":"spec/overlays/character_encoding/1.0","default_character_encoding":"utf-8","attribute_character_encoding":{"animal_id":"utf-8","body_fat":"utf-8","bone_weight":"utf-8","date":"utf-8","decl_bull":"utf-8","decl_cow":"utf-8","decl_heifer":"utf-8","decl_steer":"utf-8","discrepancies":"utf-8","fat_class_ac":"utf-8","fat_class_bga":"utf-8","fat_class_ug":"utf-8","fat_color":"utf-8","grade_fat":"utf-8","hot_carcass_weight":"utf-8","image_id":"utf-8","inter_fat":"utf-8","lean_color":"utf-8","lean_weight":"utf-8","lean_yield_ac":"utf-8","lean_yield_bga":"utf-8","lean_yield_ug":"utf-8","live_weight":"utf-8","liver_weight":"utf-8","marbling":"utf-8","muscle_class_ac":"utf-8","muscle_class_bga":"utf-8","muscle_class_ug":"utf-8","oid":"utf-8","quality_grade_ac":"utf-8","quality_grade_bga":"utf-8","quality_grade_ug":"utf-8","rib_eye_area_sqin":"utf-8","rib_eye_area_sqmm":"utf-8","rib_eye_length_ac":"utf-8","rib_eye_length_bga":"utf-8","rib_eye_length_ug":"utf-8","rib_eye_width_ac":"utf-8","rib_eye_width_bga":"utf-8","rib_eye_width_ug":"utf-8","rib_fat1":"utf-8","rib_fat2":"utf-8","rib_fat3":"utf-8","rib_wt":"utf-8","sub_fat":"utf-8","yield_grade_ac":"utf-8","yield_grade_bga":"utf-8","yield_grade_ug":"utf-8"}}