{"capture_base":"ET0CLrR-VEXJu7eOCZAcbA7S-7MdkKFhP7RwVKng3LTc","digest":"EIVJE7_BDioDwJ2hKrHcdWm6f_r4DiFNfm4pLKsRCrL0","type":"spec/overlays/unit/1.0","metric_system":"","attribute_units":{"body_fat":"kg","bone_weight":"kg","grade_fat":"mm","hot_carcass_weight":"kg","inter_fat":"kg","lean_weight":"kg","lean_yield_ac":"%","lean_yield_bga":"%","lean_yield_ug":"%","live_weight":"kg","liver_weight":"kg","rib_eye_area_sqin":"sq in.","rib_eye_area_sqmm":"sq mm.","rib_eye_length_ac":"in","rib_eye_length_bga":"in","rib_eye_length_ug":"in","rib_eye_width_ac":"in","rib_eye_width_bga":"in","rib_eye_width_ug":"in","rib_fat1":"mm","rib_fat2":"mm","rib_fat3":"mm","rib_wt":"kg","sub_fat":"kg"}}