{"type":"spec/capture_base/1.0","digest":"ET0CLrR-VEXJu7eOCZAcbA7S-7MdkKFhP7RwVKng3LTc","classification":"RDF402","attributes":{"animal_id":"Text","body_fat":"Numeric","bone_weight":"Numeric","date":"Numeric","decl_bull":"Text","decl_cow":"Text","decl_heifer":"Text","decl_steer":"Text","discrepancies":"Text","fat_class_ac":"Numeric","fat_class_bga":"Numeric","fat_class_ug":"Numeric","fat_color":"Text","grade_fat":"Numeric","hot_carcass_weight":"Numeric","image_id":"Text","inter_fat":"Numeric","lean_color":"Text","lean_weight":"Numeric","lean_yield_ac":"Numeric","lean_yield_bga":"Numeric","lean_yield_ug":"Numeric","live_weight":"Numeric","liver_weight":"Text","marbling":"Text","muscle_class_ac":"Numeric","muscle_class_bga":"Numeric","muscle_class_ug":"Numeric","oid":"Numeric","quality_grade_ac":"Numeric","quality_grade_bga":"Text","quality_grade_ug":"Text","rib_eye_area_sqin":"Numeric","rib_eye_area_sqmm":"Numeric","rib_eye_length_ac":"Numeric","rib_eye_length_bga":"Numeric","rib_eye_length_ug":"Numeric","rib_eye_width_ac":"Numeric","rib_eye_width_bga":"Numeric","rib_eye_width_ug":"Numeric","rib_fat1":"Numeric","rib_fat2":"Numeric","rib_fat3":"Numeric","rib_wt":"Numeric","sub_fat":"Numeric","yield_grade_ac":"Numeric","yield_grade_bga":"Text","yield_grade_ug":"Text"},"flagged_attributes":[]}