{"capture_base":"ET0CLrR-VEXJu7eOCZAcbA7S-7MdkKFhP7RwVKng3LTc","digest":"Et0iMXjAqeskhjakhPf7tL0E28XlrutfaSyASBq9X764","type":"spec/overlays/information/1.0","language":"en","attribute_information":{"animal_id":"ID as written on animal's tag","body_fat":"Amount of adipose tissue in the live animal","bone_weight":"","date":"","decl_bull":"Animals declared bull","decl_cow":"Animals declared cow","decl_heifer":"Animals declared heifer","decl_steer":"Animals declared steer","discrepancies":"Animals with discrepancies between input sheet and tracing data","fat_class_ac":"Measured using Acceptable Carcass Grading.","fat_class_bga":"Measured using Beed Grading and Application.","fat_class_ug":"Measured using Ultrasound Grading.","fat_color":"Level of colouring on fat","grade_fat":"Numerical score reflects the amount of subcutaneous fat covering the ribeye muscle at the 12th rib. Measured using a grading ruler.","hot_carcass_weight":"Hot/unchilled weight post slaughter & removal of head hide intestinal weight and organs. Used to determine yield grade and dressing percentage","image_id":"ID corresponding to image in tracings folder","inter_fat":"Amount of inter muscular fat","lean_color":"Level of colouring on lean meat","lean_weight":"Weight of meat available for consumption or further processing after removal of fat and non-muscle tissues.","lean_yield_ac":"Weight of lean meat from a beef carcass after processing and trimming of external fat bone and other non-usable parts. Expressed as a percentage of total carcass weight. Measured using Acceptable Carcass Grading.","lean_yield_bga":"Weight of lean meat from a beef carcass after processing and trimming of external fat bone and other non-usable parts. Expressed as a percentage of total carcass weight. Measured using Beed Grading and Application.","lean_yield_ug":"Weight of lean meat from a beef carcass after processing and trimming of external fat bone and other non-usable parts. Expressed as a percentage of total carcass weight. Measured using Ultrasound Grading.","live_weight":"Weight of animal prior to being slaughtered.","liver_weight":"","marbling":"Amount of intramuscular fat in lean tissue","muscle_class_ac":"Measured using Acceptable Carcass Grading.","muscle_class_bga":"Measured using Beed Grading and Application.","muscle_class_ug":"Measured using Ultrasound Grading.","oid":"Record ID","quality_grade_ac":"Measured using Acceptable Carcass Grading.","quality_grade_bga":"Measured using Beed Grading and Application.","quality_grade_ug":"Measured using Ultrasound Grading.","rib_eye_area_sqin":"Measured using a grid system","rib_eye_area_sqmm":"Measured using a grid system","rib_eye_length_ac":"Measured along the length of the ribeye muscle from anterior to posterior. Measured using Acceptable Carcass Grading.","rib_eye_length_bga":"Measured along the length of the ribeye muscle from anterior to posterior. Measured using Beed Grading and Application.","rib_eye_length_ug":"Measured along the length of the ribeye muscle from anterior to posterior. Measured using Ultrasound Grading.","rib_eye_width_ac":"Measured at the widest point of the ribeye muscle. Measured using Acceptable Carcass Grading.","rib_eye_width_bga":"Measured at the widest point of the ribeye muscle. Measured using Beed Grading and Application.","rib_eye_width_ug":"Measured at the widest point of the ribeye muscle. Measured using Ultrasound Grading.","rib_fat1":"Measured depth of subcutaneous fat over the quartered rib site between the 5th & 13th rib. Assessed using a grading ruler","rib_fat2":"Measured depth of subcutaneous fat over the quartered rib site between the 5th & 13th rib. Assessed using a grading ruler","rib_fat3":"Measured depth of subcutaneous fat over the quartered rib site between the 5th & 13th rib. Assessed using a grading ruler","rib_wt":"Includes ribs and associated meat and fat","sub_fat":"","yield_grade_ac":"Y1 having the highest estimated yield and Y5 having the lowest. Based on external fat depth ribeye area hot carcass weight and estimates of kidney pelvic and heart fat. Measured using Acceptable Carcass Grading.","yield_grade_bga":"Y1 having the highest estimated yield and Y5 having the lowest. Based on external fat depth ribeye area hot carcass weight and estimates of kidney pelvic and heart fat. Measured using Beed Grading and Application.","yield_grade_ug":"Y1 having the highest estimated yield and Y5 having the lowest. Based on external fat depth ribeye area hot carcass weight and estimates of kidney pelvic and heart fat. Measured using Ultrasound Grading."}}