{"capture_base":"ET0CLrR-VEXJu7eOCZAcbA7S-7MdkKFhP7RwVKng3LTc","digest":"ETlDQtQkBeTor6untiJ1Ve9nVU8VhUJ3jfj8AxNntYsQ","type":"spec/overlays/label/1.0","language":"en","attribute_labels":{"animal_id":"Alpha-numeric ID of carcass","body_fat":"Body fat","bone_weight":"Bone weight","date":"Date of sampling","decl_bull":"ID of declared bull","decl_cow":"ID of declared cow","decl_heifer":"ID of declared heifer","decl_steer":"ID of declared steer","discrepancies":"Recorded discrepancies","fat_class_ac":"Level of fat on carcass","fat_class_bga":"Level of fat on carcass","fat_class_ug":"Level of fat on carcass","fat_color":"Fat color","grade_fat":"Amount of subcutaneous fat on ribeye muscle","hot_carcass_weight":"Hot carcas weight","image_id":"Image ID","inter_fat":"Inner fat","lean_color":"lean_color","lean_weight":"Weight of carcass","lean_yield_ac":"Amount of lean meat tissue","lean_yield_bga":"Amount of lean meat tissue","lean_yield_ug":"Amount of lean meat tissue","live_weight":"Live weight","liver_weight":"Liver weight","marbling":"Level of marbling","muscle_class_ac":"Degree od muscling.","muscle_class_bga":"Degree od muscling.","muscle_class_ug":"Degree od muscling.","oid":"Record ID","quality_grade_ac":"Level of meat quality.","quality_grade_bga":"Level of meat quality.","quality_grade_ug":"Level of meat quality.","rib_eye_area_sqin":"Area of ribeye in square inches.","rib_eye_area_sqmm":"Area of ribeye in square millimetres","rib_eye_length_ac":"Length of ribeye.","rib_eye_length_bga":"Length of ribeye.","rib_eye_length_ug":"Length of ribeye.","rib_eye_width_ac":"Width of ribeye.","rib_eye_width_bga":"Width of ribeye.","rib_eye_width_ug":"Width of ribeye.","rib_fat1":"Amount of subcutaneous fat measurement 1","rib_fat2":"Amount of subcutaneous fat measurement 2","rib_fat3":"Amount of subcutaneous fat measurement 3","rib_wt":"Weight of rib section","sub_fat":"Amount of subcutaneous fat","yield_grade_ac":"Percentage of carcass that is saleable at retail.","yield_grade_bga":"Percentage of carcass that is saleable at retail.","yield_grade_ug":"Percentage of carcass that is saleable at retail."},"attribute_categories":[],"category_labels":{}}