{"capture_base":"EqQmP4LV1yDclJRd0MkPXlaM0yQM5vZIODWbCsdqOsxk","digest":"E72_RMR1O96eIrtDhiYWSTZFelPo6dIBsZXL_1iiEYKs","type":"spec/overlays/label/1.0","language":"en","attribute_labels":{"animal_id":"Animal ID","begin_time":"Begin time","date":"Date","dim":"Days in milk","duration":"Milking duration","end_date":"End date","end_time":"End time","lact_n":"Lactation Number","milking_location":"Milking Location","session_n":"Session number","total_yield":"Total Yield"},"attribute_categories":[],"category_labels":{}}