{"capture_base":"EqQmP4LV1yDclJRd0MkPXlaM0yQM5vZIODWbCsdqOsxk","digest":"ELcz1W0O0GmeA6YDEf2029cX79rQ-5MPvIMdXkxiLvL0","type":"spec/overlays/information/1.0","language":"en","attribute_information":{"animal_id":"Farm-level animal ID","begin_time":"Milking start time","date":"Milking start date","dim":"Days in milk","duration":"Milking duration","end_date":"Milking end date","end_time":"Milking end time","lact_n":"Lactation number","milking_location":"Milking location","session_n":"Milking session number","total_yield":"Total milk yield"}}